# ours, veh=rec392, demand_model=open-loop
sim_seconds,lane,pos,speed,binder,jy_arm,next_mouth_gap
295.5,e_d_3_2_d_4_2_2,5.650,1.300,1,2,Infinity
296.0,e_d_3_2_d_4_2_2,6.950,2.600,1,2,Infinity
296.5,e_d_3_2_d_4_2_2,8.900,3.900,1,2,Infinity
297.0,e_d_3_2_d_4_2_2,11.500,5.200,1,2,Infinity
297.5,e_d_3_2_d_4_2_2,14.750,6.500,1,2,Infinity
298.0,e_d_3_2_d_4_2_2,18.650,7.800,1,2,Infinity
298.5,e_d_3_2_d_4_2_2,23.200,9.100,1,2,Infinity
299.0,e_d_3_2_d_4_2_2,28.400,10.400,1,2,Infinity
299.5,e_d_3_2_d_4_2_2,34.250,11.700,1,2,Infinity
300.0,e_d_3_2_d_4_2_2,40.750,13.000,1,2,Infinity
300.5,e_d_3_2_d_4_2_2,47.695,13.890,3,2,Infinity
301.0,e_d_3_2_d_4_2_2,54.640,13.890,3,2,Infinity
301.5,e_d_3_2_d_4_2_2,61.585,13.890,3,2,Infinity
302.0,e_d_3_2_d_4_2_2,68.530,13.890,3,2,Infinity
302.5,e_d_3_2_d_4_2_2,75.475,13.890,3,2,Infinity
303.0,e_d_3_2_d_4_2_2,82.420,13.890,3,2,Infinity
303.5,e_d_3_2_d_4_2_2,89.365,13.890,3,2,Infinity
304.0,e_d_3_2_d_4_2_2,96.310,13.890,3,2,Infinity
304.5,e_d_3_2_d_4_2_2,103.255,13.890,3,2,Infinity
305.0,e_d_3_2_d_4_2_2,110.200,13.890,3,2,Infinity
305.5,e_d_3_2_d_4_2_2,117.145,13.890,3,2,Infinity
306.0,e_d_3_2_d_4_2_2,124.090,13.890,3,2,Infinity
306.5,e_d_3_2_d_4_2_2,131.035,13.890,3,2,Infinity
307.0,e_d_3_2_d_4_2_2,137.980,13.890,3,2,Infinity
307.5,e_d_3_2_d_4_2_2,144.925,13.890,3,2,Infinity
308.0,e_d_3_2_d_4_2_2,151.870,13.890,3,2,Infinity
308.5,e_d_3_2_d_4_2_2,158.815,13.890,3,2,Infinity
309.0,e_d_3_2_d_4_2_2,165.760,13.890,3,2,Infinity
309.5,e_d_3_2_d_4_2_2,172.705,13.890,3,2,Infinity
310.0,e_d_3_2_d_4_2_2,179.650,13.890,3,2,Infinity
310.5,e_d_3_2_d_4_2_2,186.595,13.890,3,2,Infinity
311.0,e_d_3_2_d_4_2_2,193.540,13.890,3,2,Infinity
311.5,e_d_3_2_d_4_2_2,200.485,13.890,3,2,Infinity
312.0,e_d_3_2_d_4_2_2,207.430,13.890,3,2,Infinity
312.5,e_d_3_2_d_4_2_2,214.372,13.884,7,2,Infinity
313.0,e_d_3_2_d_4_2_2,220.189,11.634,7,2,Infinity
313.5,e_d_3_2_d_4_2_2,224.881,9.384,7,2,Infinity
314.0,e_d_3_2_d_4_2_2,228.448,7.134,7,2,Infinity
314.5,e_d_3_2_d_4_2_2,230.890,4.884,7,2,Infinity
315.0,e_d_3_2_d_4_2_2,232.207,2.634,7,0,Infinity
315.5,e_d_3_2_d_4_2_1,232.399,0.384,7,0,Infinity
316.0,e_d_3_2_d_4_2_1,232.399,0.000,7,0,Infinity
316.5,e_d_3_2_d_4_2_1,232.399,0.000,13,0,Infinity
317.0,e_d_3_2_d_4_2_1,232.399,0.000,13,0,Infinity
317.5,e_d_3_2_d_4_2_1,232.399,0.000,13,0,Infinity
318.0,e_d_3_2_d_4_2_1,232.399,0.000,7,0,Infinity
318.5,e_d_3_2_d_4_2_1,232.399,0.000,7,0,Infinity
319.0,e_d_3_2_d_4_2_1,232.399,0.000,7,0,Infinity
319.5,e_d_3_2_d_4_2_1,232.399,0.000,7,0,Infinity
320.0,e_d_3_2_d_4_2_1,232.399,0.000,7,0,Infinity
320.5,e_d_3_2_d_4_2_1,232.399,0.000,7,0,Infinity
321.0,e_d_3_2_d_4_2_1,232.399,0.000,7,0,Infinity
321.5,e_d_3_2_d_4_2_1,232.399,0.000,7,0,Infinity
322.0,e_d_3_2_d_4_2_1,232.399,0.000,7,0,Infinity
322.5,e_d_3_2_d_4_2_1,232.399,0.000,7,0,Infinity
323.0,e_d_3_2_d_4_2_1,232.399,0.000,7,0,Infinity
323.5,e_d_3_2_d_4_2_1,232.399,0.000,7,0,Infinity
324.0,e_d_3_2_d_4_2_1,232.399,0.000,7,0,Infinity
324.5,e_d_3_2_d_4_2_1,232.399,0.000,7,0,Infinity
325.0,e_d_3_2_d_4_2_1,232.399,0.000,7,0,Infinity
325.5,e_d_3_2_d_4_2_1,232.399,0.000,7,0,Infinity
326.0,e_d_3_2_d_4_2_1,232.399,0.000,7,0,Infinity
326.5,e_d_3_2_d_4_2_1,232.399,0.000,7,0,Infinity
327.0,e_d_3_2_d_4_2_1,232.399,0.000,7,0,Infinity
327.5,e_d_3_2_d_4_2_1,232.399,0.000,7,0,Infinity
328.0,e_d_3_2_d_4_2_1,232.399,0.000,7,0,Infinity
328.5,e_d_3_2_d_4_2_1,232.399,0.000,7,0,Infinity
329.0,e_d_3_2_d_4_2_1,232.399,0.000,7,0,Infinity
329.5,e_d_3_2_d_4_2_1,232.399,0.000,7,0,Infinity
330.0,e_d_3_2_d_4_2_1,232.399,0.000,7,0,Infinity
330.5,e_d_3_2_d_4_2_1,232.399,0.000,7,0,Infinity
331.0,e_d_3_2_d_4_2_1,232.399,0.000,7,0,Infinity
331.5,e_d_3_2_d_4_2_1,232.399,0.000,7,0,Infinity
332.0,e_d_3_2_d_4_2_1,232.399,0.000,7,0,Infinity
332.5,e_d_3_2_d_4_2_1,232.399,0.000,7,0,Infinity
333.0,e_d_3_2_d_4_2_1,232.399,0.000,7,0,Infinity
333.5,e_d_3_2_d_4_2_1,232.399,0.000,7,0,Infinity
334.0,e_d_3_2_d_4_2_1,232.399,0.000,7,0,Infinity
334.5,e_d_3_2_d_4_2_1,232.399,0.000,7,0,Infinity
335.0,e_d_3_2_d_4_2_1,232.399,0.000,7,0,Infinity
335.5,e_d_3_2_d_4_2_1,232.399,0.000,7,0,Infinity
336.0,e_d_3_2_d_4_2_1,232.399,0.000,7,0,Infinity
336.5,e_d_3_2_d_4_2_1,232.399,0.000,7,0,Infinity
337.0,e_d_3_2_d_4_2_1,232.399,0.000,7,0,Infinity
337.5,e_d_3_2_d_4_2_1,232.399,0.000,7,0,Infinity
338.0,e_d_3_2_d_4_2_1,232.399,0.000,7,0,Infinity
338.5,e_d_3_2_d_4_2_1,232.399,0.000,7,0,Infinity
339.0,e_d_3_2_d_4_2_1,232.399,0.000,7,0,Infinity
339.5,e_d_3_2_d_4_2_1,232.399,0.000,7,0,Infinity
340.0,e_d_3_2_d_4_2_1,232.399,0.000,7,0,Infinity
340.5,e_d_3_2_d_4_2_1,232.399,0.000,7,0,Infinity
341.0,e_d_3_2_d_4_2_1,232.399,0.000,7,0,Infinity
341.5,e_d_3_2_d_4_2_1,232.399,0.000,7,0,Infinity
342.0,e_d_3_2_d_4_2_1,232.399,0.000,7,0,Infinity
342.5,e_d_3_2_d_4_2_1,232.399,0.000,7,0,Infinity
343.0,e_d_3_2_d_4_2_1,232.399,0.000,7,0,Infinity
343.5,e_d_3_2_d_4_2_1,232.399,0.000,7,0,Infinity
344.0,e_d_3_2_d_4_2_1,232.399,0.000,7,0,Infinity
344.5,e_d_3_2_d_4_2_1,232.399,0.000,7,0,Infinity
345.0,e_d_3_2_d_4_2_1,232.399,0.000,7,0,Infinity
345.5,e_d_3_2_d_4_2_1,232.399,0.000,7,0,Infinity
346.0,e_d_3_2_d_4_2_1,232.399,0.000,7,0,Infinity
346.5,e_d_3_2_d_4_2_1,232.399,0.000,7,0,Infinity
347.0,e_d_3_2_d_4_2_1,232.399,0.000,7,0,Infinity
347.5,e_d_3_2_d_4_2_1,232.399,0.000,7,0,Infinity
348.0,e_d_3_2_d_4_2_1,232.399,0.000,7,0,Infinity
348.5,e_d_3_2_d_4_2_1,232.399,0.000,7,0,Infinity
349.0,e_d_3_2_d_4_2_1,232.399,0.000,7,0,Infinity
349.5,e_d_3_2_d_4_2_1,232.399,0.000,7,0,Infinity
350.0,e_d_3_2_d_4_2_1,232.399,0.000,7,0,Infinity
350.5,e_d_3_2_d_4_2_1,232.399,0.000,7,0,Infinity
351.0,e_d_3_2_d_4_2_1,232.399,0.000,7,0,Infinity
351.5,e_d_3_2_d_4_2_1,232.399,0.000,7,0,Infinity
352.0,e_d_3_2_d_4_2_1,232.399,0.000,7,0,Infinity
352.5,e_d_3_2_d_4_2_1,232.399,0.000,7,0,Infinity
353.0,e_d_3_2_d_4_2_1,232.399,0.000,7,0,Infinity
353.5,e_d_3_2_d_4_2_1,232.399,0.000,7,0,Infinity
354.0,e_d_3_2_d_4_2_1,232.399,0.000,7,0,Infinity
354.5,e_d_3_2_d_4_2_1,232.399,0.000,7,0,Infinity
355.0,e_d_3_2_d_4_2_1,232.399,0.000,7,0,Infinity
355.5,e_d_3_2_d_4_2_1,232.399,0.000,7,0,Infinity
356.0,e_d_3_2_d_4_2_1,232.399,0.000,7,0,Infinity
356.5,e_d_3_2_d_4_2_1,232.399,0.000,7,0,Infinity
357.0,e_d_3_2_d_4_2_1,232.399,0.000,7,0,Infinity
357.5,e_d_3_2_d_4_2_1,232.399,0.000,7,0,Infinity
358.0,e_d_3_2_d_4_2_1,232.399,0.000,7,0,Infinity
358.5,e_d_3_2_d_4_2_1,232.399,0.000,7,0,Infinity
359.0,e_d_3_2_d_4_2_1,232.399,0.000,7,0,Infinity
359.5,e_d_3_2_d_4_2_1,232.399,0.000,7,0,Infinity
360.0,e_d_3_2_d_4_2_1,233.049,1.300,5,0,Infinity
360.5,:d_4_2_7_0,0.949,2.600,3,128,221.36
361.0,:d_4_2_7_0,2.899,3.900,3,128,223.76
361.5,:d_4_2_7_0,5.499,5.200,3,128,225.04
362.0,:d_4_2_7_0,8.749,6.500,2,128,Infinity
362.5,:d_4_2_7_0,12.649,7.800,2,131,Infinity
363.0,e_d_4_2_d_5_2_1,3.799,9.100,2,131,Infinity
363.5,e_d_4_2_d_5_2_1,8.999,10.400,1,2,Infinity
364.0,e_d_4_2_d_5_2_1,14.849,11.700,1,2,Infinity
364.5,e_d_4_2_d_5_2_1,21.349,13.000,1,2,Infinity
365.0,e_d_4_2_d_5_2_2,28.294,13.890,3,2,Infinity
365.5,e_d_4_2_d_5_2_2,35.239,13.890,3,2,Infinity
366.0,e_d_4_2_d_5_2_2,42.184,13.890,3,2,Infinity
366.5,e_d_4_2_d_5_2_2,46.879,9.390,10,5,Infinity
367.0,e_d_4_2_d_5_2_2,49.324,4.890,10,5,Infinity
367.5,e_d_4_2_d_5_2_2,49.519,0.390,10,5,Infinity
368.0,e_d_4_2_d_5_2_2,49.519,0.000,10,5,Infinity
368.5,e_d_4_2_d_5_2_2,49.519,0.000,10,5,Infinity
369.0,e_d_4_2_d_5_2_2,49.519,0.000,10,5,Infinity
369.5,e_d_4_2_d_5_2_2,49.519,0.000,10,5,Infinity
370.0,e_d_4_2_d_5_2_2,49.519,0.000,10,5,Infinity
370.5,e_d_4_2_d_5_2_2,49.519,0.000,10,5,Infinity
371.0,e_d_4_2_d_5_2_2,49.519,0.000,10,5,Infinity
371.5,e_d_4_2_d_5_2_2,50.169,1.300,7,2,Infinity
372.0,e_d_4_2_d_5_2_1,50.169,0.000,10,5,Infinity
372.5,e_d_4_2_d_5_2_1,50.169,0.000,10,5,Infinity
373.0,e_d_4_2_d_5_2_1,50.169,0.000,10,5,Infinity
373.5,e_d_4_2_d_5_2_1,50.169,0.000,10,5,Infinity
374.0,e_d_4_2_d_5_2_1,50.819,1.300,1,2,Infinity
374.5,e_d_4_2_d_5_2_1,52.119,2.600,1,2,Infinity
375.0,e_d_4_2_d_5_2_1,54.069,3.900,1,2,Infinity
375.5,e_d_4_2_d_5_2_1,56.669,5.200,1,2,Infinity
376.0,e_d_4_2_d_5_2_1,59.919,6.500,1,2,Infinity
376.5,e_d_4_2_d_5_2_1,63.819,7.800,1,2,Infinity
377.0,e_d_4_2_d_5_2_1,68.369,9.100,1,2,Infinity
377.5,e_d_4_2_d_5_2_1,73.569,10.400,1,2,Infinity
378.0,e_d_4_2_d_5_2_1,79.419,11.700,1,2,Infinity
378.5,e_d_4_2_d_5_2_1,85.919,13.000,1,2,Infinity
379.0,e_d_4_2_d_5_2_1,92.864,13.890,3,2,Infinity
379.5,e_d_4_2_d_5_2_1,99.809,13.890,3,2,Infinity
380.0,e_d_4_2_d_5_2_1,106.754,13.890,3,2,Infinity
380.5,e_d_4_2_d_5_2_1,113.699,13.890,3,2,Infinity
381.0,e_d_4_2_d_5_2_1,120.644,13.890,3,2,Infinity
381.5,e_d_4_2_d_5_2_1,127.589,13.890,3,2,Infinity
382.0,e_d_4_2_d_5_2_1,134.534,13.890,3,2,Infinity
382.5,e_d_4_2_d_5_2_1,141.479,13.890,3,2,Infinity
383.0,e_d_4_2_d_5_2_1,148.424,13.890,3,2,Infinity
383.5,e_d_4_2_d_5_2_1,155.369,13.890,3,2,Infinity
384.0,e_d_4_2_d_5_2_1,162.314,13.890,3,2,Infinity
384.5,e_d_4_2_d_5_2_1,169.259,13.890,3,2,Infinity
385.0,e_d_4_2_d_5_2_1,176.204,13.890,3,2,Infinity
385.5,e_d_4_2_d_5_2_1,183.149,13.890,3,2,Infinity
386.0,e_d_4_2_d_5_2_1,190.094,13.890,3,2,Infinity
386.5,e_d_4_2_d_5_2_1,196.448,12.708,1,2,Infinity
387.0,e_d_4_2_d_5_2_1,201.865,10.833,1,2,Infinity
387.5,e_d_4_2_d_5_2_1,206.379,9.028,1,2,Infinity
388.0,e_d_4_2_d_5_2_1,209.993,7.228,1,2,Infinity
388.5,e_d_4_2_d_5_2_1,212.763,5.540,1,2,Infinity
389.0,e_d_4_2_d_5_2_1,214.783,4.040,1,2,Infinity
389.5,e_d_4_2_d_5_2_1,216.130,2.693,1,2,Infinity
390.0,e_d_4_2_d_5_2_1,216.914,1.568,1,2,Infinity
390.5,e_d_4_2_d_5_2_1,217.306,0.784,1,2,Infinity
391.0,e_d_4_2_d_5_2_1,217.502,0.392,1,2,Infinity
391.5,e_d_4_2_d_5_2_1,217.600,0.196,1,2,Infinity
392.0,e_d_4_2_d_5_2_1,217.649,0.098,1,2,Infinity
392.5,e_d_4_2_d_5_2_1,217.673,0.049,1,2,Infinity
393.0,e_d_4_2_d_5_2_1,217.686,0.025,1,2,Infinity
393.5,e_d_4_2_d_5_2_1,217.692,0.012,1,2,Infinity
394.0,e_d_4_2_d_5_2_1,217.695,0.006,1,2,Infinity
394.5,e_d_4_2_d_5_2_1,217.696,0.003,1,2,Infinity
395.0,e_d_4_2_d_5_2_1,217.697,0.002,1,2,Infinity
395.5,e_d_4_2_d_5_2_1,217.698,0.001,1,2,Infinity
396.0,e_d_4_2_d_5_2_1,217.698,0.000,1,2,Infinity
396.5,e_d_4_2_d_5_2_1,217.698,0.000,1,2,Infinity
397.0,e_d_4_2_d_5_2_1,217.698,0.000,1,2,Infinity
397.5,e_d_4_2_d_5_2_1,217.698,0.000,1,2,Infinity
398.0,e_d_4_2_d_5_2_1,217.698,0.000,1,2,Infinity
398.5,e_d_4_2_d_5_2_1,217.698,0.000,1,2,Infinity
399.0,e_d_4_2_d_5_2_1,217.698,0.000,1,2,Infinity
399.5,e_d_4_2_d_5_2_1,217.698,0.000,1,2,Infinity
400.0,e_d_4_2_d_5_2_1,217.698,0.000,1,2,Infinity
400.5,e_d_4_2_d_5_2_1,217.698,0.000,1,2,Infinity
401.0,e_d_4_2_d_5_2_1,217.698,0.000,1,2,Infinity
401.5,e_d_4_2_d_5_2_1,217.698,0.000,1,2,Infinity
402.0,e_d_4_2_d_5_2_1,217.698,0.000,1,2,Infinity
402.5,e_d_4_2_d_5_2_1,217.698,0.000,1,2,Infinity
403.0,e_d_4_2_d_5_2_1,217.698,0.000,1,2,Infinity
403.5,e_d_4_2_d_5_2_1,217.698,0.000,1,2,Infinity
404.0,e_d_4_2_d_5_2_1,217.698,0.000,1,2,Infinity
404.5,e_d_4_2_d_5_2_1,217.698,0.000,1,2,Infinity
405.0,e_d_4_2_d_5_2_1,217.698,0.000,1,2,Infinity
405.5,e_d_4_2_d_5_2_1,218.023,0.650,1,2,0.95
406.0,e_d_4_2_d_5_2_1,218.998,1.950,5,2,2.90
406.5,e_d_4_2_d_5_2_1,220.623,3.250,5,2,Infinity
407.0,e_d_4_2_d_5_2_1,222.898,4.550,5,2,8.75
407.5,e_d_4_2_d_5_2_1,225.661,5.525,2,128,12.65
408.0,:d_5_2_13_0,2.873,6.825,2,128,216.35
408.5,:d_5_2_13_0,6.936,8.125,1,128,219.38
409.0,:d_5_2_13_0,11.648,9.425,1,128,223.05
409.5,:d_5_2_13_0,17.010,10.725,2,131,Infinity
410.0,:d_5_2_13_0,23.023,12.025,2,131,Infinity
410.5,e_d_5_2_d_6_2_1,5.807,13.169,2,128,10.20
411.0,e_d_5_2_d_6_2_1,12.752,13.890,3,2,14.87
411.5,e_d_5_2_d_6_2_1,19.697,13.890,3,2,Infinity
412.0,e_d_5_2_d_6_2_2,26.333,13.272,1,2,Infinity
412.5,e_d_5_2_d_6_2_2,33.013,13.360,1,2,Infinity
413.0,e_d_5_2_d_6_2_2,39.731,13.436,1,2,Infinity
413.5,e_d_5_2_d_6_2_2,46.481,13.501,1,2,Infinity
414.0,e_d_5_2_d_6_2_2,53.256,13.549,1,2,Infinity
414.5,e_d_5_2_d_6_2_2,60.052,13.592,1,2,Infinity
415.0,e_d_5_2_d_6_2_2,66.866,13.629,1,2,Infinity
415.5,e_d_5_2_d_6_2_2,73.697,13.662,1,2,Infinity
416.0,e_d_5_2_d_6_2_2,80.542,13.690,1,2,Infinity
416.5,e_d_5_2_d_6_2_2,87.400,13.715,1,2,Infinity
417.0,e_d_5_2_d_6_2_2,94.268,13.737,1,2,Infinity
417.5,e_d_5_2_d_6_2_2,101.146,13.756,1,2,Infinity
418.0,e_d_5_2_d_6_2_2,108.033,13.773,1,2,Infinity
418.5,e_d_5_2_d_6_2_2,114.927,13.788,1,2,Infinity
419.0,e_d_5_2_d_6_2_2,121.827,13.800,1,2,Infinity
419.5,e_d_5_2_d_6_2_2,128.733,13.812,1,2,Infinity
420.0,e_d_5_2_d_6_2_2,135.643,13.821,1,2,Infinity
420.5,e_d_5_2_d_6_2_2,142.558,13.830,1,2,Infinity
421.0,e_d_5_2_d_6_2_2,149.477,13.837,1,2,Infinity
421.5,e_d_5_2_d_6_2_2,156.399,13.844,1,2,Infinity
422.0,e_d_5_2_d_6_2_2,163.324,13.850,1,2,Infinity
422.5,e_d_5_2_d_6_2_2,170.251,13.855,1,2,Infinity
423.0,e_d_5_2_d_6_2_2,177.181,13.859,1,2,Infinity
423.5,e_d_5_2_d_6_2_2,184.112,13.863,1,2,Infinity
424.0,e_d_5_2_d_6_2_2,191.046,13.866,1,2,Infinity
424.5,e_d_5_2_d_6_2_2,197.980,13.869,1,2,Infinity
425.0,e_d_5_2_d_6_2_2,204.916,13.872,1,2,Infinity
425.5,e_d_5_2_d_6_2_2,211.059,12.286,1,2,4.01
426.0,e_d_5_2_d_6_2_2,216.265,10.411,2,2,8.91
426.5,e_d_5_2_d_6_2_2,221.419,10.308,2,2,13.80
427.0,:d_6_2_8_0,0.114,9.790,4,2,0.97
427.5,:d_6_2_8_0,5.009,9.790,3,0,Infinity
428.0,:d_6_2_8_0,9.904,9.790,3,0,Infinity
428.5,:d_6_2_8_0,14.799,9.790,3,0,Infinity
429.0,:d_6_2_13_0,1.964,9.790,3,3,20.41
429.5,e_d_6_2_d_6_3_2,2.819,9.790,3,3,Infinity
430.0,e_d_6_2_d_6_3_2,8.364,11.090,1,2,Infinity
430.5,e_d_6_2_d_6_3_2,14.559,12.390,1,2,Infinity
431.0,e_d_6_2_d_6_3_2,21.404,13.690,1,2,Infinity
431.5,e_d_6_2_d_6_3_2,28.349,13.890,3,2,Infinity
432.0,e_d_6_2_d_6_3_2,35.294,13.890,3,2,Infinity
432.5,e_d_6_2_d_6_3_2,42.239,13.890,3,2,Infinity
433.0,e_d_6_2_d_6_3_2,49.184,13.890,3,2,Infinity
433.5,e_d_6_2_d_6_3_2,56.129,13.890,3,2,Infinity
434.0,e_d_6_2_d_6_3_2,63.074,13.890,3,2,Infinity
434.5,e_d_6_2_d_6_3_2,70.019,13.890,3,2,Infinity
435.0,e_d_6_2_d_6_3_2,76.964,13.890,3,2,Infinity
435.5,e_d_6_2_d_6_3_2,83.909,13.890,3,2,Infinity
436.0,e_d_6_2_d_6_3_2,90.854,13.890,3,2,Infinity
436.5,e_d_6_2_d_6_3_2,97.799,13.890,3,2,Infinity
437.0,e_d_6_2_d_6_3_2,104.744,13.890,3,2,Infinity
437.5,e_d_6_2_d_6_3_2,111.689,13.890,3,2,Infinity
438.0,e_d_6_2_d_6_3_2,118.634,13.890,3,2,Infinity
438.5,e_d_6_2_d_6_3_2,125.579,13.890,3,2,Infinity
439.0,e_d_6_2_d_6_3_2,132.524,13.890,3,2,Infinity
439.5,e_d_6_2_d_6_3_2,139.469,13.890,3,2,Infinity
440.0,e_d_6_2_d_6_3_2,146.414,13.890,3,2,Infinity
440.5,e_d_6_2_d_6_3_2,153.359,13.890,3,2,Infinity
441.0,e_d_6_2_d_6_3_2,160.304,13.890,3,2,Infinity
441.5,e_d_6_2_d_6_3_2,167.249,13.890,3,2,Infinity
442.0,e_d_6_2_d_6_3_2,174.194,13.890,3,2,Infinity
442.5,e_d_6_2_d_6_3_2,181.139,13.890,3,2,Infinity
443.0,e_d_6_2_d_6_3_2,188.084,13.890,3,2,Infinity
443.5,e_d_6_2_d_6_3_2,195.029,13.890,3,2,Infinity
444.0,e_d_6_2_d_6_3_2,201.228,12.398,1,2,0.55
444.5,e_d_6_2_d_6_3_2,206.490,10.523,2,2,5.28
445.0,e_d_6_2_d_6_3_2,212.027,11.075,2,2,Infinity
445.5,e_d_6_2_d_6_3_2,217.677,11.299,10,2,Infinity
446.0,e_d_6_2_d_6_3_2,222.201,9.049,10,2,Infinity
446.5,:d_6_3_12_0,2.601,6.799,10,2,Infinity
447.0,:d_6_3_23_0,0.500,8.099,10,3,122.38
447.5,:d_6_3_23_0,5.200,9.399,2,3,130.72
448.0,:d_6_3_23_0,10.370,10.340,3,3,139.05
448.5,:d_6_3_23_0,15.540,10.340,3,3,147.39
449.0,e_d_6_3_d_5_3_3,2.460,10.340,3,3,Infinity
449.5,e_d_6_3_d_5_3_3,8.280,11.640,1,2,Infinity
450.0,e_d_6_3_d_5_3_3,14.750,12.940,1,2,Infinity
450.5,e_d_6_3_d_5_3_2,21.870,14.240,1,2,Infinity
451.0,e_d_6_3_d_5_3_2,29.640,15.540,5,2,Infinity
451.5,e_d_6_3_d_5_3_2,37.975,16.670,3,2,Infinity
452.0,e_d_6_3_d_5_3_2,46.310,16.670,3,2,Infinity
452.5,e_d_6_3_d_5_3_2,54.645,16.670,3,2,Infinity
453.0,e_d_6_3_d_5_3_2,62.980,16.670,3,2,Infinity
453.5,e_d_6_3_d_5_3_1,71.315,16.670,3,2,Infinity
454.0,e_d_6_3_d_5_3_1,79.650,16.670,3,2,Infinity
454.5,e_d_6_3_d_5_3_1,87.985,16.670,3,2,0.87
455.0,e_d_6_3_d_5_3_1,96.320,16.670,3,2,4.50
455.5,e_d_6_3_d_5_3_1,104.655,16.670,3,2,Infinity
456.0,e_d_6_3_d_5_3_1,112.990,16.670,3,2,Infinity
456.5,e_d_6_3_d_5_3_1,121.325,16.670,3,2,0.17
457.0,e_d_6_3_d_5_3_1,129.660,16.670,3,2,3.80
457.5,e_d_6_3_d_5_3_1,137.995,16.670,3,2,Infinity
458.0,e_d_6_3_d_5_3_1,144.080,12.170,11,2,Infinity
458.5,e_d_6_3_d_5_3_1,150.815,13.470,10,2,Infinity
459.0,e_d_6_3_d_5_3_1,158.200,14.770,10,2,Infinity
459.5,e_d_6_3_d_5_3_1,166.235,16.070,10,2,Infinity
460.0,e_d_6_3_d_5_3_1,174.570,16.670,3,2,Infinity
460.5,e_d_6_3_d_5_3_1,182.905,16.670,3,2,Infinity
461.0,e_d_6_3_d_5_3_1,191.240,16.670,3,2,Infinity
461.5,e_d_6_3_d_5_3_1,199.575,16.670,3,2,Infinity
462.0,e_d_6_3_d_5_3_1,207.700,16.250,4,2,Infinity
462.5,e_d_6_3_d_5_3_1,214.700,14.000,4,2,Infinity
463.0,e_d_6_3_d_5_3_1,220.575,11.750,4,2,Infinity
463.5,e_d_6_3_d_5_3_1,225.325,9.500,4,2,Infinity
464.0,:d_5_3_4_0,2.750,7.250,4,2,Infinity
464.5,:d_5_3_4_0,6.375,7.250,3,0,Infinity
465.0,:d_5_3_20_0,0.480,2.750,14,0,55.21
465.5,:d_5_3_20_0,2.505,4.050,2,0,62.02
466.0,e_d_5_3_d_5_4_1,1.000,5.350,2,0,Infinity
466.5,e_d_5_3_d_5_4_1,4.325,6.650,1,2,Infinity
467.0,e_d_5_3_d_5_4_1,8.300,7.950,1,2,Infinity
467.5,e_d_5_3_d_5_4_2,12.925,9.250,1,2,Infinity
468.0,e_d_5_3_d_5_4_1,18.200,10.550,1,2,Infinity
468.5,e_d_5_3_d_5_4_1,24.125,11.850,1,2,Infinity
469.0,e_d_5_3_d_5_4_1,30.700,13.150,1,2,Infinity
469.5,e_d_5_3_d_5_4_1,37.645,13.890,3,2,Infinity
470.0,e_d_5_3_d_5_4_2,44.590,13.890,3,2,Infinity
470.5,e_d_5_3_d_5_4_2,51.535,13.890,3,2,Infinity
471.0,e_d_5_3_d_5_4_2,58.480,13.890,3,2,Infinity
471.5,e_d_5_3_d_5_4_2,65.425,13.890,3,2,Infinity
472.0,e_d_5_3_d_5_4_2,72.370,13.890,3,2,Infinity
472.5,e_d_5_3_d_5_4_2,79.315,13.890,3,2,Infinity
473.0,e_d_5_3_d_5_4_2,86.260,13.890,3,2,Infinity
473.5,e_d_5_3_d_5_4_2,93.205,13.890,3,2,Infinity
474.0,e_d_5_3_d_5_4_2,100.150,13.890,3,2,Infinity
474.5,e_d_5_3_d_5_4_2,107.095,13.890,3,2,Infinity
475.0,e_d_5_3_d_5_4_2,114.040,13.890,3,2,Infinity
475.5,e_d_5_3_d_5_4_2,120.985,13.890,3,2,Infinity
476.0,e_d_5_3_d_5_4_2,127.930,13.890,3,2,Infinity
476.5,e_d_5_3_d_5_4_2,134.875,13.890,3,2,2.58
477.0,e_d_5_3_d_5_4_2,141.820,13.890,3,2,Infinity
477.5,e_d_5_3_d_5_4_2,148.765,13.890,3,2,Infinity
478.0,e_d_5_3_d_5_4_2,155.710,13.890,3,2,Infinity
478.5,e_d_5_3_d_5_4_2,162.655,13.890,3,2,Infinity
479.0,e_d_5_3_d_5_4_2,169.600,13.890,3,2,Infinity
479.5,e_d_5_3_d_5_4_2,176.545,13.890,3,2,Infinity
480.0,e_d_5_3_d_5_4_2,183.490,13.890,3,2,Infinity
480.5,e_d_5_3_d_5_4_2,190.435,13.890,3,2,Infinity
481.0,e_d_5_3_d_5_4_2,197.380,13.890,3,2,Infinity
481.5,e_d_5_3_d_5_4_2,204.325,13.890,3,2,Infinity
482.0,e_d_5_3_d_5_4_2,211.068,13.486,10,2,Infinity
482.5,e_d_5_3_d_5_4_2,216.686,11.236,10,2,Infinity
483.0,e_d_5_3_d_5_4_2,220.054,6.736,11,2,Infinity
483.5,:d_5_4_11_0,0.705,7.302,10,2,Infinity
484.0,:d_5_4_11_0,3.232,5.052,14,0,Infinity
484.5,:d_5_4_11_0,4.633,2.802,14,0,Infinity
485.0,:d_5_4_11_0,4.909,0.552,14,0,Infinity
485.5,:d_5_4_11_0,4.909,0.000,14,0,Infinity
486.0,:d_5_4_11_0,4.909,0.000,14,0,Infinity
486.5,:d_5_4_21_0,0.549,1.300,3,0,28.40
487.0,:d_5_4_21_0,1.849,2.600,3,0,34.25
487.5,:d_5_4_21_0,3.799,3.900,3,0,40.75
488.0,:d_5_4_21_0,6.399,5.200,3,0,47.70
488.5,:d_5_4_21_0,9.649,6.500,2,0,54.64
489.0,:d_5_4_21_0,13.549,7.800,2,0,61.59
489.5,e_d_5_4_d_4_4_2,1.339,9.100,2,0,Infinity
490.0,e_d_5_4_d_4_4_2,6.539,10.400,1,2,Infinity
490.5,e_d_5_4_d_4_4_2,12.389,11.700,1,2,Infinity
491.0,e_d_5_4_d_4_4_2,18.889,13.000,1,2,Infinity
491.5,e_d_5_4_d_4_4_2,25.834,13.890,3,2,Infinity
492.0,e_d_5_4_d_4_4_2,32.779,13.890,3,2,Infinity
492.5,e_d_5_4_d_4_4_2,39.724,13.890,3,2,Infinity
493.0,e_d_5_4_d_4_4_2,46.669,13.890,3,2,Infinity
493.5,e_d_5_4_d_4_4_2,53.614,13.890,3,2,Infinity
494.0,e_d_5_4_d_4_4_2,60.559,13.890,3,2,Infinity
494.5,e_d_5_4_d_4_4_2,67.504,13.890,3,2,Infinity
495.0,e_d_5_4_d_4_4_2,74.449,13.890,3,2,Infinity
495.5,e_d_5_4_d_4_4_2,81.394,13.890,3,2,Infinity
496.0,e_d_5_4_d_4_4_1,88.339,13.890,3,2,Infinity
496.5,e_d_5_4_d_4_4_1,95.284,13.890,3,2,Infinity
497.0,e_d_5_4_d_4_4_1,102.229,13.890,3,2,Infinity
497.5,e_d_5_4_d_4_4_1,109.174,13.890,3,2,Infinity
498.0,e_d_5_4_d_4_4_1,116.119,13.890,3,2,Infinity
498.5,e_d_5_4_d_4_4_1,123.064,13.890,3,2,Infinity
499.0,e_d_5_4_d_4_4_1,130.009,13.890,3,2,Infinity
499.5,e_d_5_4_d_4_4_1,136.954,13.890,3,2,Infinity
500.0,e_d_5_4_d_4_4_1,143.899,13.890,3,2,Infinity
500.5,e_d_5_4_d_4_4_1,150.844,13.890,3,2,Infinity
501.0,e_d_5_4_d_4_4_1,157.789,13.890,3,2,Infinity
501.5,e_d_5_4_d_4_4_1,164.734,13.890,3,2,Infinity
502.0,e_d_5_4_d_4_4_1,171.679,13.890,3,2,Infinity
502.5,e_d_5_4_d_4_4_1,178.624,13.890,3,2,Infinity
503.0,e_d_5_4_d_4_4_1,185.569,13.890,3,2,Infinity
503.5,e_d_5_4_d_4_4_1,192.514,13.890,3,2,Infinity
504.0,e_d_5_4_d_4_4_1,198.522,12.017,1,2,Infinity
504.5,e_d_5_4_d_4_4_1,203.593,10.142,1,2,Infinity
505.0,e_d_5_4_d_4_4_1,207.764,8.342,1,2,Infinity
505.5,e_d_5_4_d_4_4_1,211.091,6.654,1,2,Infinity
506.0,e_d_5_4_d_4_4_1,213.587,4.991,1,2,Infinity
506.5,e_d_5_4_d_4_4_1,215.332,3.491,1,2,Infinity
507.0,e_d_5_4_d_4_4_1,216.496,2.327,1,2,Infinity
507.5,e_d_5_4_d_4_4_1,217.097,1.202,1,2,Infinity
508.0,e_d_5_4_d_4_4_1,217.397,0.601,1,2,Infinity
508.5,e_d_5_4_d_4_4_1,217.548,0.301,1,2,Infinity
509.0,e_d_5_4_d_4_4_1,217.623,0.150,1,2,Infinity
509.5,e_d_5_4_d_4_4_1,217.660,0.075,1,2,Infinity
510.0,e_d_5_4_d_4_4_1,217.679,0.038,1,2,Infinity
510.5,e_d_5_4_d_4_4_1,217.689,0.019,1,2,Infinity
511.0,e_d_5_4_d_4_4_1,217.693,0.009,1,2,Infinity
511.5,e_d_5_4_d_4_4_1,217.696,0.005,1,2,Infinity
512.0,e_d_5_4_d_4_4_1,217.697,0.002,1,2,Infinity
512.5,e_d_5_4_d_4_4_1,217.697,0.001,1,2,Infinity
513.0,e_d_5_4_d_4_4_1,217.698,0.001,1,2,Infinity
513.5,e_d_5_4_d_4_4_1,217.698,0.000,1,2,Infinity
514.0,e_d_5_4_d_4_4_1,217.698,0.000,1,2,Infinity
514.5,e_d_5_4_d_4_4_1,217.698,0.000,1,2,Infinity
515.0,e_d_5_4_d_4_4_1,217.698,0.000,1,2,Infinity
515.5,e_d_5_4_d_4_4_1,217.698,0.000,1,2,Infinity
516.0,e_d_5_4_d_4_4_1,217.698,0.000,1,2,Infinity
516.5,e_d_5_4_d_4_4_1,217.698,0.000,1,2,Infinity
517.0,e_d_5_4_d_4_4_1,217.698,0.000,1,2,Infinity
517.5,e_d_5_4_d_4_4_1,217.698,0.000,1,2,Infinity
518.0,e_d_5_4_d_4_4_1,217.698,0.000,1,2,Infinity
518.5,e_d_5_4_d_4_4_1,217.698,0.000,1,2,Infinity
519.0,e_d_5_4_d_4_4_1,217.698,0.000,1,2,Infinity
519.5,e_d_5_4_d_4_4_1,217.698,0.000,1,2,Infinity
520.0,e_d_5_4_d_4_4_1,217.698,0.000,1,2,Infinity
520.5,e_d_5_4_d_4_4_1,217.698,0.000,1,2,Infinity
521.0,e_d_5_4_d_4_4_1,217.698,0.000,1,2,Infinity
521.5,e_d_5_4_d_4_4_1,217.698,0.000,1,2,Infinity
522.0,e_d_5_4_d_4_4_1,217.698,0.000,1,2,Infinity
522.5,e_d_5_4_d_4_4_1,217.698,0.000,1,2,Infinity
523.0,e_d_5_4_d_4_4_1,217.698,0.000,1,2,Infinity
523.5,e_d_5_4_d_4_4_1,217.698,0.000,1,2,Infinity
524.0,e_d_5_4_d_4_4_1,217.698,0.000,1,2,Infinity
524.5,e_d_5_4_d_4_4_1,217.698,0.000,1,2,Infinity
525.0,e_d_5_4_d_4_4_1,217.698,0.000,1,2,Infinity
525.5,e_d_5_4_d_4_4_1,217.698,0.000,1,2,Infinity
526.0,e_d_5_4_d_4_4_1,217.698,0.000,1,2,Infinity
526.5,e_d_5_4_d_4_4_1,217.698,0.000,1,2,Infinity
527.0,e_d_5_4_d_4_4_1,217.698,0.000,1,2,Infinity
527.5,e_d_5_4_d_4_4_1,217.698,0.000,1,2,Infinity
528.0,e_d_5_4_d_4_4_1,217.698,0.000,1,2,Infinity
528.5,e_d_5_4_d_4_4_1,217.698,0.000,1,2,Infinity
529.0,e_d_5_4_d_4_4_1,217.698,0.000,1,2,Infinity
529.5,e_d_5_4_d_4_4_1,217.698,0.000,1,2,Infinity
530.0,e_d_5_4_d_4_4_1,217.698,0.000,1,2,Infinity
530.5,e_d_5_4_d_4_4_1,217.698,0.000,1,2,Infinity
531.0,e_d_5_4_d_4_4_1,217.698,0.000,1,2,Infinity
531.5,e_d_5_4_d_4_4_1,217.698,0.000,1,2,Infinity
532.0,e_d_5_4_d_4_4_1,217.698,0.000,1,2,Infinity
532.5,e_d_5_4_d_4_4_1,217.698,0.000,1,2,Infinity
533.0,e_d_5_4_d_4_4_1,217.698,0.000,1,2,Infinity
533.5,e_d_5_4_d_4_4_1,217.698,0.000,1,2,Infinity
534.0,e_d_5_4_d_4_4_1,217.698,0.000,1,2,Infinity
534.5,e_d_5_4_d_4_4_1,217.698,0.000,1,2,Infinity
535.0,e_d_5_4_d_4_4_1,217.698,0.000,1,2,Infinity
535.5,e_d_5_4_d_4_4_1,217.698,0.000,1,2,Infinity
536.0,e_d_5_4_d_4_4_1,217.698,0.000,1,2,Infinity
536.5,e_d_5_4_d_4_4_1,217.698,0.000,1,2,Infinity
537.0,e_d_5_4_d_4_4_1,217.698,0.000,1,2,Infinity
537.5,e_d_5_4_d_4_4_1,217.698,0.000,1,2,Infinity
538.0,e_d_5_4_d_4_4_1,217.698,0.000,1,2,Infinity
538.5,e_d_5_4_d_4_4_1,217.698,0.000,1,2,Infinity
539.0,e_d_5_4_d_4_4_1,217.698,0.000,1,2,Infinity
539.5,e_d_5_4_d_4_4_1,217.698,0.000,1,2,Infinity
540.0,e_d_5_4_d_4_4_1,217.698,0.000,1,2,Infinity
540.5,e_d_5_4_d_4_4_1,218.023,0.650,1,2,0.95
541.0,e_d_5_4_d_4_4_1,218.998,1.950,10,2,2.50
541.5,e_d_5_4_d_4_4_1,220.623,3.250,10,2,3.48
542.0,e_d_5_4_d_4_4_1,221.403,1.561,2,2,3.98
542.5,e_d_5_4_d_4_4_1,222.834,2.861,10,2,4.22
543.0,e_d_5_4_d_4_4_1,222.879,0.090,2,2,5.12
543.5,e_d_5_4_d_4_4_1,223.574,1.390,10,2,6.67
544.0,e_d_5_4_d_4_4_1,224.681,2.215,2,2,Infinity
544.5,:d_4_4_0_0,0.239,3.515,10,2,1.59
545.0,:d_4_4_0_0,0.801,1.125,2,0,1.59
545.5,:d_4_4_0_0,2.014,2.425,13,0,2.24
546.0,:d_4_4_0_0,2.014,0.000,2,0,3.54
546.5,:d_4_4_0_0,2.664,1.300,3,0,Infinity
547.0,:d_4_4_0_0,3.964,2.600,3,0,Infinity
547.5,:d_4_4_0_0,5.914,3.900,3,0,Infinity
548.0,:d_4_4_10_0,1.244,5.200,2,0,11.06
548.5,e_d_4_4_d_4_5_1,0.314,6.500,2,0,Infinity
549.0,e_d_4_4_d_4_5_1,4.214,7.800,1,2,Infinity
549.5,e_d_4_4_d_4_5_1,8.764,9.100,1,2,Infinity
550.0,e_d_4_4_d_4_5_1,13.964,10.400,1,2,Infinity
550.5,e_d_4_4_d_4_5_2,19.519,11.110,3,2,Infinity
551.0,e_d_4_4_d_4_5_2,25.074,11.110,3,2,Infinity
551.5,e_d_4_4_d_4_5_2,30.629,11.110,3,2,Infinity
552.0,e_d_4_4_d_4_5_2,36.184,11.110,3,2,Infinity
552.5,e_d_4_4_d_4_5_2,41.739,11.110,3,2,Infinity
553.0,e_d_4_4_d_4_5_2,47.294,11.110,3,2,Infinity
553.5,e_d_4_4_d_4_5_2,52.849,11.110,3,2,Infinity
554.0,e_d_4_4_d_4_5_2,58.404,11.110,3,2,Infinity
554.5,e_d_4_4_d_4_5_2,63.959,11.110,3,2,Infinity
555.0,e_d_4_4_d_4_5_2,69.514,11.110,3,2,Infinity
555.5,e_d_4_4_d_4_5_2,75.069,11.110,3,2,Infinity
556.0,e_d_4_4_d_4_5_2,80.624,11.110,3,2,Infinity
556.5,e_d_4_4_d_4_5_2,86.179,11.110,3,2,Infinity
557.0,e_d_4_4_d_4_5_2,91.734,11.110,3,2,Infinity
557.5,e_d_4_4_d_4_5_2,97.289,11.110,3,2,Infinity
558.0,e_d_4_4_d_4_5_2,102.844,11.110,3,2,Infinity
558.5,e_d_4_4_d_4_5_2,108.399,11.110,3,2,Infinity
559.0,e_d_4_4_d_4_5_2,113.954,11.110,3,2,Infinity
559.5,e_d_4_4_d_4_5_2,119.509,11.110,3,2,Infinity
560.0,e_d_4_4_d_4_5_2,125.064,11.110,3,2,Infinity
560.5,e_d_4_4_d_4_5_2,130.619,11.110,3,2,Infinity
561.0,e_d_4_4_d_4_5_2,136.174,11.110,3,2,Infinity
561.5,e_d_4_4_d_4_5_2,141.729,11.110,3,2,Infinity
562.0,e_d_4_4_d_4_5_2,147.284,11.110,3,2,Infinity
562.5,e_d_4_4_d_4_5_2,152.839,11.110,3,2,Infinity
563.0,e_d_4_4_d_4_5_2,158.394,11.110,3,2,Infinity
563.5,e_d_4_4_d_4_5_2,163.949,11.110,3,2,Infinity
564.0,e_d_4_4_d_4_5_2,169.504,11.110,3,2,Infinity
564.5,e_d_4_4_d_4_5_2,175.059,11.110,3,2,Infinity
565.0,e_d_4_4_d_4_5_2,180.614,11.110,3,2,Infinity
565.5,e_d_4_4_d_4_5_2,186.169,11.110,3,2,Infinity
566.0,e_d_4_4_d_4_5_2,190.948,9.558,1,2,Infinity
566.5,e_d_4_4_d_4_5_2,194.827,7.758,1,2,Infinity
567.0,e_d_4_4_d_4_5_2,197.863,6.071,1,2,Infinity
567.5,e_d_4_4_d_4_5_2,200.139,4.553,1,2,Infinity
568.0,e_d_4_4_d_4_5_2,201.666,3.053,1,2,Infinity
568.5,e_d_4_4_d_4_5_2,202.630,1.928,1,2,Infinity
569.0,e_d_4_4_d_4_5_2,203.112,0.964,1,2,Infinity
569.5,e_d_4_4_d_4_5_2,203.353,0.482,1,2,Infinity
570.0,e_d_4_4_d_4_5_2,203.473,0.241,1,2,Infinity
570.5,e_d_4_4_d_4_5_2,203.534,0.121,1,2,Infinity
571.0,e_d_4_4_d_4_5_2,203.564,0.060,1,2,Infinity
571.5,e_d_4_4_d_4_5_2,203.579,0.030,1,2,Infinity
572.0,e_d_4_4_d_4_5_2,203.586,0.015,1,2,Infinity
572.5,e_d_4_4_d_4_5_2,203.590,0.008,1,2,Infinity
573.0,e_d_4_4_d_4_5_2,203.592,0.004,1,2,Infinity
573.5,e_d_4_4_d_4_5_2,203.593,0.002,1,2,Infinity
574.0,e_d_4_4_d_4_5_2,203.594,0.001,1,2,Infinity
574.5,e_d_4_4_d_4_5_2,203.594,0.000,1,2,Infinity
575.0,e_d_4_4_d_4_5_2,203.594,0.000,1,2,Infinity
575.5,e_d_4_4_d_4_5_2,203.594,0.000,1,2,Infinity
576.0,e_d_4_4_d_4_5_2,203.594,0.000,1,2,Infinity
576.5,e_d_4_4_d_4_5_2,203.594,0.000,1,2,Infinity
577.0,e_d_4_4_d_4_5_2,203.594,0.000,1,2,Infinity
577.5,e_d_4_4_d_4_5_2,203.594,0.000,1,2,Infinity
578.0,e_d_4_4_d_4_5_2,203.594,0.000,1,2,Infinity
578.5,e_d_4_4_d_4_5_2,203.594,0.000,1,2,Infinity
579.0,e_d_4_4_d_4_5_2,203.594,0.000,1,2,Infinity
579.5,e_d_4_4_d_4_5_2,203.594,0.000,1,2,Infinity
580.0,e_d_4_4_d_4_5_2,203.594,0.000,1,2,Infinity
580.5,e_d_4_4_d_4_5_2,203.594,0.000,1,2,Infinity
581.0,e_d_4_4_d_4_5_2,203.594,0.000,1,2,Infinity
581.5,e_d_4_4_d_4_5_2,203.594,0.000,1,2,Infinity
582.0,e_d_4_4_d_4_5_2,203.594,0.000,1,2,Infinity
582.5,e_d_4_4_d_4_5_2,203.594,0.000,1,2,Infinity
583.0,e_d_4_4_d_4_5_2,203.594,0.000,1,2,Infinity
583.5,e_d_4_4_d_4_5_2,203.594,0.000,1,2,Infinity
584.0,e_d_4_4_d_4_5_2,203.594,0.000,1,2,Infinity
584.5,e_d_4_4_d_4_5_2,203.594,0.000,1,2,Infinity
585.0,e_d_4_4_d_4_5_2,203.594,0.000,1,2,Infinity
585.5,e_d_4_4_d_4_5_2,203.594,0.000,1,2,Infinity
586.0,e_d_4_4_d_4_5_2,203.594,0.000,1,2,Infinity
586.5,e_d_4_4_d_4_5_2,203.756,0.325,1,2,Infinity
587.0,e_d_4_4_d_4_5_2,204.288,1.062,1,2,Infinity
587.5,e_d_4_4_d_4_5_2,204.969,1.363,1,2,Infinity
588.0,e_d_4_4_d_4_5_2,206.084,2.229,1,2,3.20
588.5,e_d_4_4_d_4_5_2,207.621,3.074,1,2,6.82
589.0,e_d_4_4_d_4_5_2,209.781,4.321,1,2,Infinity
589.5,e_d_4_4_d_4_5_2,212.537,5.512,1,2,0.20
590.0,e_d_4_4_d_4_5_2,214.896,4.718,1,2,3.65
590.5,e_d_4_4_d_4_5_2,216.505,3.218,1,2,Infinity
591.0,e_d_4_4_d_4_5_2,217.552,2.093,1,2,Infinity
591.5,e_d_4_4_d_4_5_2,218.075,1.046,1,2,0.33
592.0,e_d_4_4_d_4_5_2,218.336,0.523,1,2,3.84
592.5,e_d_4_4_d_4_5_2,218.467,0.262,1,2,Infinity
593.0,e_d_4_4_d_4_5_2,218.533,0.131,1,2,Infinity
593.5,e_d_4_4_d_4_5_2,218.565,0.065,1,2,Infinity
594.0,e_d_4_4_d_4_5_2,218.582,0.033,1,2,Infinity
594.5,e_d_4_4_d_4_5_2,218.590,0.016,1,2,Infinity
595.0,e_d_4_4_d_4_5_1,218.594,0.008,1,2,3.13
595.5,e_d_4_4_d_4_5_1,218.594,0.000,11,2,5.26
596.0,e_d_4_4_d_4_5_1,219.244,1.300,10,2,7.08
596.5,e_d_4_4_d_4_5_1,220.544,2.600,10,2,Infinity
597.0,e_d_4_4_d_4_5_1,222.494,3.900,10,2,Infinity
597.5,e_d_4_4_d_4_5_1,225.094,5.200,10,2,Infinity
598.0,:d_4_5_3_0,1.841,5.895,2,2,Infinity
598.5,:d_4_5_3_0,5.059,6.435,2,0,Infinity
599.0,:d_4_5_11_0,1.414,7.250,3,3,12.60
599.5,e_d_4_5_d_5_5_1,0.859,7.250,3,3,Infinity
600.0,e_d_4_5_d_5_5_1,5.134,8.550,1,3,Infinity
600.5,e_d_4_5_d_5_5_1,10.059,9.850,1,3,Infinity
601.0,e_d_4_5_d_5_5_1,15.634,11.150,1,3,Infinity
601.5,e_d_4_5_d_5_5_2,21.859,12.450,1,3,Infinity
602.0,e_d_4_5_d_5_5_2,28.734,13.750,1,3,Infinity
602.5,e_d_4_5_d_5_5_2,35.679,13.890,3,3,Infinity
603.0,e_d_4_5_d_5_5_2,42.624,13.890,3,3,Infinity
603.5,e_d_4_5_d_5_5_2,49.569,13.890,3,3,Infinity
604.0,e_d_4_5_d_5_5_2,56.514,13.890,3,3,Infinity
604.5,e_d_4_5_d_5_5_2,63.459,13.890,3,3,Infinity
605.0,e_d_4_5_d_5_5_2,70.404,13.890,3,3,Infinity
605.5,e_d_4_5_d_5_5_2,77.349,13.890,3,3,Infinity
606.0,e_d_4_5_d_5_5_2,84.294,13.890,3,3,Infinity
606.5,e_d_4_5_d_5_5_2,91.239,13.890,3,3,Infinity
607.0,e_d_4_5_d_5_5_2,98.184,13.890,3,3,Infinity
607.5,e_d_4_5_d_5_5_2,105.129,13.890,3,3,Infinity
608.0,e_d_4_5_d_5_5_2,112.074,13.890,3,3,Infinity
608.5,e_d_4_5_d_5_5_2,119.019,13.890,3,3,Infinity
609.0,e_d_4_5_d_5_5_2,125.964,13.890,3,3,Infinity
609.5,e_d_4_5_d_5_5_2,132.909,13.890,3,3,Infinity
610.0,e_d_4_5_d_5_5_2,139.854,13.890,3,3,Infinity
610.5,e_d_4_5_d_5_5_2,146.799,13.890,3,3,Infinity
611.0,e_d_4_5_d_5_5_2,153.744,13.890,3,3,Infinity
611.5,e_d_4_5_d_5_5_2,160.689,13.890,3,3,Infinity
612.0,e_d_4_5_d_5_5_2,167.634,13.890,3,3,Infinity
612.5,e_d_4_5_d_5_5_2,174.579,13.890,3,3,Infinity
613.0,e_d_4_5_d_5_5_2,181.524,13.890,3,3,Infinity
613.5,e_d_4_5_d_5_5_2,188.469,13.890,3,3,Infinity
614.0,e_d_4_5_d_5_5_2,195.055,13.173,1,3,Infinity
614.5,e_d_4_5_d_5_5_2,200.701,11.291,1,3,Infinity
615.0,e_d_4_5_d_5_5_2,205.409,9.416,1,3,Infinity
615.5,e_d_4_5_d_5_5_2,209.216,7.616,1,3,Infinity
616.0,e_d_4_5_d_5_5_2,212.181,5.928,1,3,Infinity
616.5,e_d_4_5_d_5_5_2,214.395,4.428,1,3,Infinity
617.0,e_d_4_5_d_5_5_2,215.871,2.952,1,3,Infinity
617.5,e_d_4_5_d_5_5_2,216.784,1.827,1,3,Infinity
618.0,e_d_4_5_d_5_5_2,217.241,0.914,1,3,Infinity
618.5,e_d_4_5_d_5_5_2,217.470,0.457,1,3,Infinity
619.0,e_d_4_5_d_5_5_2,217.584,0.228,1,3,Infinity
619.5,e_d_4_5_d_5_5_2,217.641,0.114,1,3,Infinity
620.0,e_d_4_5_d_5_5_2,217.669,0.057,1,3,Infinity
620.5,e_d_4_5_d_5_5_2,217.684,0.029,1,3,Infinity
621.0,e_d_4_5_d_5_5_2,217.691,0.014,1,3,Infinity
621.5,e_d_4_5_d_5_5_2,217.694,0.007,1,3,Infinity
622.0,e_d_4_5_d_5_5_2,217.696,0.004,1,3,Infinity
622.5,e_d_4_5_d_5_5_2,217.697,0.002,1,3,Infinity
623.0,e_d_4_5_d_5_5_2,217.698,0.001,1,3,Infinity
623.5,e_d_4_5_d_5_5_2,217.698,0.000,1,3,Infinity
624.0,e_d_4_5_d_5_5_2,217.698,0.000,1,3,Infinity
624.5,e_d_4_5_d_5_5_2,217.698,0.000,1,3,Infinity
625.0,e_d_4_5_d_5_5_2,217.698,0.000,1,3,Infinity
625.5,e_d_4_5_d_5_5_2,217.698,0.000,1,3,Infinity
626.0,e_d_4_5_d_5_5_2,217.698,0.000,1,3,Infinity
626.5,e_d_4_5_d_5_5_2,217.698,0.000,1,3,Infinity
627.0,e_d_4_5_d_5_5_2,217.698,0.000,1,3,Infinity
627.5,e_d_4_5_d_5_5_2,217.698,0.000,1,3,Infinity
628.0,e_d_4_5_d_5_5_2,217.698,0.000,1,3,Infinity
628.5,e_d_4_5_d_5_5_2,217.698,0.000,1,3,Infinity
629.0,e_d_4_5_d_5_5_2,217.698,0.000,1,3,Infinity
629.5,e_d_4_5_d_5_5_2,217.698,0.000,1,3,Infinity
630.0,e_d_4_5_d_5_5_2,217.698,0.000,1,3,Infinity
630.5,e_d_4_5_d_5_5_2,217.698,0.000,1,3,Infinity
631.0,e_d_4_5_d_5_5_2,217.698,0.000,1,3,Infinity
631.5,e_d_4_5_d_5_5_2,217.698,0.000,1,3,Infinity
632.0,e_d_4_5_d_5_5_2,217.698,0.000,1,3,Infinity
632.5,e_d_4_5_d_5_5_2,217.698,0.000,1,3,Infinity
633.0,e_d_4_5_d_5_5_2,217.698,0.000,1,3,Infinity
633.5,e_d_4_5_d_5_5_2,217.698,0.000,1,3,Infinity
634.0,e_d_4_5_d_5_5_2,217.698,0.000,1,3,Infinity
634.5,e_d_4_5_d_5_5_2,217.698,0.000,1,3,Infinity
635.0,e_d_4_5_d_5_5_2,217.698,0.000,1,3,Infinity
635.5,e_d_4_5_d_5_5_2,217.698,0.000,1,3,Infinity
636.0,e_d_4_5_d_5_5_2,217.698,0.000,1,3,Infinity
636.5,e_d_4_5_d_5_5_2,217.698,0.000,1,3,Infinity
637.0,e_d_4_5_d_5_5_2,217.698,0.000,1,3,Infinity
637.5,e_d_4_5_d_5_5_2,217.698,0.000,1,3,Infinity
638.0,e_d_4_5_d_5_5_2,217.698,0.000,1,3,Infinity
638.5,e_d_4_5_d_5_5_2,217.698,0.000,1,3,Infinity
639.0,e_d_4_5_d_5_5_2,217.698,0.000,1,3,Infinity
639.5,e_d_4_5_d_5_5_2,217.698,0.000,1,3,Infinity
640.0,e_d_4_5_d_5_5_2,217.698,0.000,1,3,Infinity
640.5,e_d_4_5_d_5_5_2,217.698,0.000,1,3,Infinity
641.0,e_d_4_5_d_5_5_2,217.698,0.000,1,3,Infinity
641.5,e_d_4_5_d_5_5_2,217.698,0.000,1,3,Infinity
642.0,e_d_4_5_d_5_5_2,217.698,0.000,1,3,Infinity
642.5,e_d_4_5_d_5_5_2,217.698,0.000,1,3,Infinity
643.0,e_d_4_5_d_5_5_2,217.698,0.000,1,3,Infinity
643.5,e_d_4_5_d_5_5_2,217.698,0.000,1,3,Infinity
644.0,e_d_4_5_d_5_5_2,217.698,0.000,1,3,Infinity
644.5,e_d_4_5_d_5_5_2,217.698,0.000,1,3,Infinity
645.0,e_d_4_5_d_5_5_2,217.698,0.000,1,3,Infinity
645.5,e_d_4_5_d_5_5_2,217.698,0.000,1,3,Infinity
646.0,e_d_4_5_d_5_5_2,217.698,0.000,1,3,Infinity
646.5,e_d_4_5_d_5_5_2,217.698,0.000,1,3,Infinity
647.0,e_d_4_5_d_5_5_2,217.698,0.000,1,3,Infinity
647.5,e_d_4_5_d_5_5_2,217.698,0.000,1,3,Infinity
648.0,e_d_4_5_d_5_5_2,217.698,0.000,1,3,Infinity
648.5,e_d_4_5_d_5_5_2,217.698,0.000,1,3,Infinity
649.0,e_d_4_5_d_5_5_2,217.698,0.000,1,3,Infinity
649.5,e_d_4_5_d_5_5_2,217.698,0.000,1,3,Infinity
650.0,e_d_4_5_d_5_5_2,217.698,0.000,1,3,Infinity
650.5,e_d_4_5_d_5_5_2,217.698,0.000,1,3,Infinity
651.0,e_d_4_5_d_5_5_2,217.698,0.000,1,3,Infinity
651.5,e_d_4_5_d_5_5_2,217.698,0.000,1,3,Infinity
652.0,e_d_4_5_d_5_5_2,217.698,0.000,1,3,Infinity
652.5,e_d_4_5_d_5_5_2,217.698,0.000,1,3,Infinity
653.0,e_d_4_5_d_5_5_2,217.698,0.000,1,3,Infinity
653.5,e_d_4_5_d_5_5_2,217.698,0.000,1,3,Infinity
654.0,e_d_4_5_d_5_5_2,217.698,0.000,1,3,Infinity
654.5,e_d_4_5_d_5_5_2,217.698,0.000,1,3,Infinity
655.0,e_d_4_5_d_5_5_2,217.698,0.000,1,3,Infinity
655.5,e_d_4_5_d_5_5_2,217.698,0.000,1,3,Infinity
656.0,e_d_4_5_d_5_5_2,217.698,0.000,1,3,Infinity
656.5,e_d_4_5_d_5_5_2,217.698,0.000,1,3,Infinity
657.0,e_d_4_5_d_5_5_2,217.698,0.000,1,3,Infinity
657.5,e_d_4_5_d_5_5_2,217.698,0.000,1,3,Infinity
658.0,e_d_4_5_d_5_5_2,217.698,0.000,1,3,Infinity
658.5,e_d_4_5_d_5_5_2,217.698,0.000,1,3,Infinity
659.0,e_d_4_5_d_5_5_2,217.698,0.000,1,3,Infinity
659.5,e_d_4_5_d_5_5_2,218.023,0.650,1,3,Infinity
660.0,e_d_4_5_d_5_5_2,218.998,1.950,3,3,Infinity
660.5,e_d_4_5_d_5_5_2,220.623,3.250,3,3,Infinity
661.0,e_d_4_5_d_5_5_2,222.898,4.550,3,3,Infinity
661.5,e_d_4_5_d_5_5_2,225.823,5.850,3,3,Infinity
